"locationId","country","city","sizeTier"
"L01","Spain","Madrid","headquarters"
"L02","Spain","Barcelona","major"
"L03","United Kingdom","London","major"
"L04","France","Paris","medium"
"L05","Germany","Berlin","medium"
"L06","Italy","Milan","medium"
"L07","Portugal","Lisbon","medium"
"L08","Netherlands","Amsterdam","medium"
"L09","Ireland","Dublin","small"
"L10","United States","New York","major"
"L11","Mexico","Mexico City","major"
"L12","Brazil","São Paulo","medium"
"L13","Colombia","Bogotá","medium"
"L14","Argentina","Buenos Aires","small"
"L15","Singapore","Singapore","medium"
"L16","Japan","Tokyo","medium"
"L17","India","Mumbai","medium"
"L18","Australia","Sydney","small"
"L19","United Arab Emirates","Dubai","medium"
"L20","South Africa","Johannesburg","small"
